nodes,total_slots,run,workload_id,total_seconds,jobs_per_second
1,3,1,30136870-46ee-4bc4-96a8-b7cedd4f76ef,69.756,1.434
1,3,2,bf4ffc0f-82ae-402f-a792-5b23d8d950bf,92.043,1.086
1,3,3,b57c53a7-129b-43fb-ac69-3ec3ea4b4da9,86.029,1.162
2,6,1,e89f867d-6d9f-47a4-a1e2-4024079d8a24,47.370,2.111
2,6,2,86ed7b60-0ddf-419c-aada-e892bff3b968,59.323,1.686
2,6,3,0ef41e32-2c7e-4cda-88f9-82794af2d73a,53.533,1.868
3,9,1,96b8c540-a528-42f5-bcd4-956cde09f58b,53.363,1.874
3,9,2,6faf4a25-c73f-4a2e-9e1c-2e1009ee27a4,39.259,2.547
3,9,3,dc88662f-f9cd-4bc1-bb98-66573c94c03d,51.193,1.953
